"Campbell Live","Close Up","Seven Sharp","One News","3 News","Date"
227490,469640,NA,604670,289410,2012-02-20
278570,422970,NA,594630,326500,2012-02-21
218220,404030,NA,613570,292470,2012-02-22
218970,406640,NA,593850,286850,2012-02-23
NA,365830,NA,500580,254480,2012-02-24
NA,NA,NA,491290,248740,2012-02-25
NA,NA,NA,636320,280540,2012-02-26
210650,387580,NA,597610,287320,2012-02-27
183420,438800,NA,599060,324170,2012-02-28
NA,NA,NA,NA,NA,2012-02-29
311350,469340,NA,666410,334120,2012-03-01
241330,441040,NA,621790,336620,2012-03-02
NA,NA,NA,NA,NA,2012-03-03
NA,NA,NA,669160,263220,2012-03-04
264630,372760,NA,581090,356500,2012-03-05
235820,388920,NA,564840,339150,2012-03-06
NA,365430,NA,560570,255230,2012-03-07
NA,NA,NA,NA,NA,2012-03-08
NA,NA,NA,NA,NA,2012-03-09
NA,NA,NA,NA,NA,2012-03-10
NA,NA,NA,NA,NA,2012-03-11
NA,NA,NA,NA,NA,2012-03-12
216970,387740,NA,608180,296160,2012-03-13
NA,NA,NA,NA,NA,2012-03-14
212350,388540,NA,604310,239780,2012-03-15
144890,356680,NA,559260,231260,2012-03-16
NA,NA,NA,538640,232650,2012-03-17
NA,NA,NA,692420,324140,2012-03-18
227330,516140,NA,743120,392940,2012-03-19
NA,458820,NA,730230,348430,2012-03-20
NA,NA,NA,NA,NA,2012-03-21
245120,483720,NA,645100,291910,2012-03-22
243700,393510,NA,593860,242500,2012-03-23
NA,NA,NA,589630,241620,2012-03-24
NA,NA,NA,662330,245240,2012-03-25
267580,418700,NA,654330,343060,2012-03-26
234620,411650,NA,595850,310670,2012-03-27
225020,450880,NA,575210,309340,2012-03-28
222950,419110,NA,605640,291430,2012-03-29
190960,335180,NA,530540,293820,2012-03-30
NA,NA,NA,NA,NA,2012-03-31
NA,NA,NA,724270,304940,2012-04-01
243290,553770,NA,724100,321920,2012-04-02
271620,456620,NA,721280,297180,2012-04-03
264770,413610,NA,626170,319760,2012-04-04
196730,384370,NA,554130,265820,2012-04-05
NA,526020,NA,595780,414850,2012-04-06
NA,NA,NA,452690,323860,2012-04-07
NA,NA,NA,611240,269890,2012-04-08
NA,484660,NA,631140,403740,2012-04-09
242830,447660,NA,680700,353720,2012-04-10
258510,480420,NA,639040,341640,2012-04-11
NA,NA,NA,NA,NA,2012-04-12
260060,376020,NA,647550,320350,2012-04-13
NA,NA,NA,586430,292790,2012-04-14
NA,NA,NA,743290,290270,2012-04-15
225300,498720,NA,677340,332240,2012-04-16
NA,480260,NA,676420,337410,2012-04-17
201060,490740,NA,717970,319240,2012-04-18
250970,489760,NA,635490,357870,2012-04-19
233660,327300,NA,521230,329400,2012-04-20
NA,NA,NA,568380,276200,2012-04-21
NA,NA,NA,755820,364130,2012-04-22
268630,487130,NA,720220,479500,2012-04-23
NA,482230,NA,681760,330990,2012-04-24
202830,494260,NA,728020,315500,2012-04-25
231310,520610,NA,718930,342550,2012-04-26
236960,422380,NA,590420,293890,2012-04-27
NA,NA,NA,597150,296920,2012-04-28
NA,NA,NA,709440,294180,2012-04-29
NA,NA,NA,NA,NA,2012-04-30
288880,520130,NA,747630,397570,2012-05-01
267160,529830,NA,684830,340470,2012-05-02
255690,399730,NA,728170,343580,2012-05-03
227140,436370,NA,651200,309520,2012-05-04
NA,NA,NA,649650,309710,2012-05-05
NA,NA,NA,770720,409790,2012-05-06
258520,543860,NA,761320,426060,2012-05-07
234240,523710,NA,729430,394240,2012-05-08
300900,475830,NA,702290,406340,2012-05-09
205820,455520,NA,687550,339900,2012-05-10
237460,414230,NA,665310,289190,2012-05-11
NA,NA,NA,557170,285760,2012-05-12
NA,NA,NA,663500,274730,2012-05-13
279370,510100,NA,761660,443170,2012-05-14
NA,492880,NA,812400,360070,2012-05-15
268290,441000,NA,743460,363400,2012-05-16
234680,448310,NA,705550,358200,2012-05-17
208380,394080,NA,661160,355860,2012-05-18
NA,NA,NA,622480,276170,2012-05-19
NA,NA,NA,805720,350890,2012-05-20
236660,502730,NA,790220,392660,2012-05-21
NA,NA,NA,NA,NA,2012-05-22
258190,469360,NA,724470,337610,2012-05-23
272430,440790,NA,709170,384190,2012-05-24
245030,468020,NA,637720,288160,2012-05-25
NA,NA,NA,512110,291610,2012-05-26
NA,NA,NA,770480,400580,2012-05-27
238080,519400,NA,751300,410950,2012-05-28
NA,486730,NA,772890,411130,2012-05-29
278740,509580,NA,713720,352760,2012-05-30
NA,NA,NA,NA,NA,2012-05-31
210480,435210,NA,607730,335890,2012-06-01
NA,NA,NA,614310,329160,2012-06-02
NA,NA,NA,662170,424580,2012-06-03
NA,521730,NA,793820,536850,2012-06-04
228700,518010,NA,770190,406230,2012-06-05
271930,541480,NA,715180,414300,2012-06-06
252020,460170,NA,715530,395510,2012-06-07
301180,432900,NA,668190,410750,2012-06-08
NA,NA,NA,663340,383050,2012-06-09
NA,NA,NA,785920,340330,2012-06-10
272290,487350,NA,720880,410870,2012-06-11
321010,501270,NA,700580,442790,2012-06-12
211200,495310,NA,698570,374590,2012-06-13
288460,478670,NA,709200,411530,2012-06-14
NA,NA,NA,NA,NA,2012-06-15
NA,NA,NA,614420,271080,2012-06-16
NA,NA,NA,785210,376680,2012-06-17
207750,551410,NA,766290,433720,2012-06-18
231600,450360,NA,674610,401740,2012-06-19
NA,446370,NA,713180,377400,2012-06-20
228680,472180,NA,711860,362860,2012-06-21
185250,420660,NA,642340,297240,2012-06-22
NA,NA,NA,586290,329110,2012-06-23
NA,NA,NA,740400,363400,2012-06-24
234610,473540,NA,746150,346530,2012-06-25
NA,482160,NA,721290,360430,2012-06-26
277650,499190,NA,708060,419590,2012-06-27
238240,454770,NA,705880,347730,2012-06-28
279850,468770,NA,667270,368740,2012-06-29
NA,NA,NA,NA,NA,2012-06-30
NA,NA,NA,830040,350140,2012-07-01
240450,497310,NA,751370,408680,2012-07-02
281270,568050,NA,793390,408340,2012-07-03
218790,506320,NA,713200,358620,2012-07-04
258390,495390,NA,624180,378810,2012-07-05
218850,469770,NA,673010,363570,2012-07-06
NA,NA,NA,634500,310280,2012-07-07
NA,NA,NA,674730,410290,2012-07-08
284330,512580,NA,743990,346880,2012-07-09
308080,459630,NA,677230,380090,2012-07-10
NA,NA,NA,NA,NA,2012-07-11
276770,524440,NA,746730,348480,2012-07-12
205470,416320,NA,610720,298550,2012-07-13
NA,NA,NA,615380,307380,2012-07-14
NA,NA,NA,838950,384750,2012-07-15
276460,478720,NA,675930,404990,2012-07-16
286030,471710,NA,729610,322000,2012-07-17
282080,524060,NA,709980,359930,2012-07-18
245250,594900,NA,745210,303130,2012-07-19
203660,432860,NA,666560,309510,2012-07-20
NA,NA,NA,621890,269480,2012-07-21
NA,NA,NA,734720,366320,2012-07-22
244540,562650,NA,699750,409970,2012-07-23
255840,477930,NA,725520,371630,2012-07-24
321100,465840,NA,660200,418740,2012-07-25
264450,412780,NA,671360,345280,2012-07-26
221190,417030,NA,598080,346380,2012-07-27
NA,NA,NA,611230,222180,2012-07-28
NA,NA,NA,765000,293270,2012-07-29
190980,455900,NA,754130,354020,2012-07-30
NA,NA,NA,NA,NA,2012-07-31
245040,401780,NA,605270,360690,2012-08-01
252920,415480,NA,616920,342120,2012-08-02
244500,350240,NA,601250,340140,2012-08-03
NA,NA,NA,547980,314090,2012-08-04
NA,NA,NA,719490,326720,2012-08-05
268570,492150,NA,703420,386680,2012-08-06
241730,406090,NA,700600,398080,2012-08-07
239380,447020,NA,673150,393010,2012-08-08
223220,420830,NA,615050,327100,2012-08-09
210390,380240,NA,625050,308700,2012-08-10
NA,NA,NA,599150,285740,2012-08-11
NA,NA,NA,727980,346730,2012-08-12
237650,537840,NA,725290,390930,2012-08-13
257910,531760,NA,697060,430340,2012-08-14
264770,509750,NA,705890,413580,2012-08-15
249450,442430,NA,619630,336170,2012-08-16
226350,438950,NA,648650,287660,2012-08-17
NA,NA,NA,612310,254640,2012-08-18
NA,NA,NA,760100,289250,2012-08-19
270860,472070,NA,679150,357230,2012-08-20
256530,525590,NA,775830,343790,2012-08-21
256700,462550,NA,687870,334800,2012-08-22
170320,438730,NA,678470,269800,2012-08-23
259410,374440,NA,567550,307330,2012-08-24
NA,NA,NA,560810,221820,2012-08-25
NA,NA,NA,734130,273920,2012-08-26
242880,475740,NA,694240,377500,2012-08-27
268300,475770,NA,738630,327400,2012-08-28
283390,455480,NA,695990,386780,2012-08-29
250980,456510,NA,678280,326640,2012-08-30
NA,NA,NA,NA,NA,2012-08-31
NA,NA,NA,535310,217040,2012-09-01
NA,NA,NA,NA,NA,2012-09-02
270780,527380,NA,716800,373220,2012-09-03
216420,513670,NA,676750,366370,2012-09-04
213970,586140,NA,728560,314170,2012-09-05
226970,477900,NA,629800,276490,2012-09-06
212580,428830,NA,613420,330450,2012-09-07
NA,NA,NA,594210,302180,2012-09-08
NA,NA,NA,785940,300730,2012-09-09
230220,519250,NA,705040,361340,2012-09-10
270200,479790,NA,712040,375640,2012-09-11
256440,532660,NA,720590,337420,2012-09-12
244640,527240,NA,678810,263690,2012-09-13
251840,424540,NA,622940,300230,2012-09-14
NA,NA,NA,611140,274170,2012-09-15
NA,NA,NA,748410,351370,2012-09-16
276090,513650,NA,708490,352630,2012-09-17
210400,516110,NA,652870,300710,2012-09-18
269570,536170,NA,687460,319310,2012-09-19
255460,436310,NA,676040,282930,2012-09-20
217680,455860,NA,627810,343510,2012-09-21
NA,NA,NA,612360,239480,2012-09-22
NA,NA,NA,705880,282170,2012-09-23
237830,541760,NA,725790,349720,2012-09-24
225810,498090,NA,702550,344750,2012-09-25
283210,474000,NA,670850,378230,2012-09-26
226840,489190,NA,621710,275720,2012-09-27
249290,476890,NA,616360,309520,2012-09-28
NA,NA,NA,NA,NA,2012-09-29
NA,NA,NA,NA,NA,2012-09-30
248720,475560,NA,615230,354810,2012-10-01
NA,NA,NA,NA,NA,2012-10-02
194890,438730,NA,599830,333750,2012-10-03
227580,405580,NA,628990,284110,2012-10-04
189960,398360,NA,588010,293070,2012-10-05
NA,NA,NA,536140,214940,2012-10-06
NA,NA,NA,705130,395620,2012-10-07
233350,445110,NA,640920,350040,2012-10-08
227730,422700,NA,603710,347600,2012-10-09
211790,431330,NA,544860,313560,2012-10-10
167930,382090,NA,570990,303100,2012-10-11
NA,435970,NA,533670,288380,2012-10-12
NA,NA,NA,583310,260910,2012-10-13
NA,NA,NA,682640,250220,2012-10-14
236930,506080,NA,701180,376300,2012-10-15
260910,439620,NA,617660,351140,2012-10-16
263220,468490,NA,659710,394670,2012-10-17
265340,396990,NA,659110,338120,2012-10-18
226320,367610,NA,542240,299950,2012-10-19
NA,NA,NA,550020,162560,2012-10-20
NA,NA,NA,650180,289990,2012-10-21
NA,524330,NA,705750,339560,2012-10-22
261480,489070,NA,675840,374430,2012-10-23
226680,446550,NA,593490,344640,2012-10-24
244610,407950,NA,563860,309390,2012-10-25
NA,332700,NA,514550,305930,2012-10-26
NA,NA,NA,472560,218620,2012-10-27
NA,NA,NA,658760,271660,2012-10-28
228320,517540,NA,624480,388140,2012-10-29
286710,449740,NA,610970,416580,2012-10-30
NA,NA,NA,NA,NA,2012-10-31
225120,401240,NA,529830,302080,2012-11-01
225180,355650,NA,508760,318190,2012-11-02
NA,NA,NA,607310,241370,2012-11-03
NA,NA,NA,620880,322870,2012-11-04
182470,484120,NA,621880,331660,2012-11-05
206690,431760,NA,558750,342030,2012-11-06
340280,438350,NA,600260,340860,2012-11-07
NA,NA,NA,NA,NA,2012-11-08
NA,387370,NA,505420,309480,2012-11-09
NA,NA,NA,511590,200540,2012-11-10
NA,NA,NA,673660,302880,2012-11-11
203140,510420,NA,632280,394340,2012-11-12
226830,509400,NA,670240,367250,2012-11-13
242070,425870,NA,618710,400200,2012-11-14
169550,481120,NA,623400,290670,2012-11-15
NA,380890,NA,549460,282280,2012-11-16
NA,NA,NA,544610,271800,2012-11-17
NA,NA,NA,653620,282060,2012-11-18
206930,475700,NA,619980,366970,2012-11-19
253830,397340,NA,607150,317140,2012-11-20
219000,420890,NA,662700,351940,2012-11-21
229370,416680,NA,582590,342470,2012-11-22
NA,398940,NA,523130,278090,2012-11-23
NA,NA,NA,511220,225850,2012-11-24
NA,NA,NA,588760,271680,2012-11-25
252220,477040,NA,631970,383730,2012-11-26
196640,414800,NA,624480,341580,2012-11-27
208200,478860,NA,628420,304160,2012-11-28
237510,414180,NA,592390,290470,2012-11-29
NA,NA,NA,NA,NA,2012-11-30
NA,NA,NA,527500,184360,2012-12-01
NA,NA,NA,649310,339300,2012-12-02
207170,NA,NA,612290,343740,2012-12-03
173070,NA,NA,622200,299240,2012-12-04
238000,NA,NA,642660,371440,2012-12-05
245820,NA,NA,661180,392150,2012-12-06
NA,NA,NA,529080,324980,2012-12-07
NA,NA,NA,477270,253170,2012-12-08
NA,NA,NA,642610,282370,2012-12-09
321380,NA,NA,601820,358650,2012-12-10
196670,NA,NA,619860,275920,2012-12-11
213510,NA,NA,570290,273550,2012-12-12
172110,NA,NA,532190,239230,2012-12-13
135480,NA,NA,570600,197360,2012-12-14
NA,NA,NA,508330,211660,2012-12-15
NA,NA,NA,566690,371030,2012-12-16
295030,NA,NA,598510,337460,2012-12-17
221990,NA,NA,609850,256000,2012-12-18
239440,NA,NA,518900,215790,2012-12-19
201780,NA,NA,484330,185760,2012-12-20
207040,NA,NA,506240,191070,2012-12-21
NA,NA,NA,544720,193010,2012-12-22
NA,NA,NA,592590,263510,2012-12-23
NA,NA,NA,534390,244990,2012-12-24
NA,NA,NA,426640,170650,2012-12-25
NA,NA,NA,648400,231710,2012-12-26
NA,NA,NA,NA,NA,2012-12-27
NA,NA,NA,NA,NA,2012-12-28
NA,NA,NA,559520,199910,2012-12-29
NA,NA,NA,613380,235230,2012-12-30
NA,NA,NA,NA,NA,2012-12-31
NA,NA,NA,520920,263990,2013-01-01
NA,NA,NA,592000,198100,2013-01-02
NA,NA,NA,622290,238320,2013-01-03
NA,NA,NA,550740,270310,2013-01-04
NA,NA,NA,501340,206440,2013-01-05
NA,NA,NA,NA,NA,2013-01-06
NA,NA,NA,684600,280010,2013-01-07
NA,NA,NA,671750,233890,2013-01-08
NA,NA,NA,628110,293790,2013-01-09
NA,NA,NA,627450,245750,2013-01-10
NA,NA,NA,611410,213380,2013-01-11
NA,NA,NA,502950,181480,2013-01-12
NA,NA,NA,571380,272620,2013-01-13
NA,NA,NA,724660,347840,2013-01-14
NA,NA,NA,701730,327540,2013-01-15
NA,NA,NA,648860,267660,2013-01-16
NA,NA,NA,659600,250230,2013-01-17
NA,NA,NA,596870,225560,2013-01-18
NA,NA,NA,484810,226770,2013-01-19
NA,NA,NA,645190,208750,2013-01-20
239950,NA,NA,649970,289290,2013-01-21
NA,NA,NA,602580,302590,2013-01-22
186830,NA,NA,619320,258820,2013-01-23
203550,NA,NA,524650,287410,2013-01-24
NA,NA,NA,503680,244270,2013-01-25
NA,NA,NA,439910,171210,2013-01-26
NA,NA,NA,491990,208060,2013-01-27
156310,NA,NA,613810,265180,2013-01-28
231710,NA,NA,606400,338430,2013-01-29
184680,NA,NA,595390,302340,2013-01-30
NA,NA,NA,NA,NA,2013-01-31
198880,NA,NA,537840,314140,2013-02-01
NA,NA,NA,554300,211640,2013-02-02
NA,NA,NA,618500,276020,2013-02-03
242820,NA,496950,670070,413330,2013-02-04
221710,NA,400960,597590,328090,2013-02-05
238590,NA,325950,630750,328630,2013-02-06
248040,NA,NA,652690,344430,2013-02-07
252170,NA,394380,565530,286910,2013-02-08
NA,NA,NA,468320,208570,2013-02-09
NA,NA,NA,603300,280340,2013-02-10
296150,NA,396150,726340,323130,2013-02-11
346850,NA,290710,584770,376500,2013-02-12
320950,NA,349910,606950,325210,2013-02-13
299410,NA,362610,571430,303520,2013-02-14
285910,NA,234980,526010,271900,2013-02-15
NA,NA,NA,518150,187610,2013-02-16
NA,NA,NA,543030,275690,2013-02-17
243880,NA,358620,590000,358100,2013-02-18
299530,NA,360450,588010,381620,2013-02-19
206540,NA,294050,600810,287750,2013-02-20
277270,NA,306960,570580,301800,2013-02-21
203910,NA,324130,544310,269140,2013-02-22
NA,NA,NA,487520,160930,2013-02-23
NA,NA,NA,627450,313570,2013-02-24
297380,NA,385720,605550,338800,2013-02-25
254950,NA,350300,600360,299560,2013-02-26
289510,NA,337980,611660,350930,2013-02-27
NA,NA,NA,NA,NA,2013-02-28
230690,NA,323520,491790,244930,2013-03-01
NA,NA,NA,581340,166440,2013-03-02
NA,NA,NA,594540,253860,2013-03-03
347590,NA,352520,636490,374000,2013-03-04
328340,NA,379520,612550,323740,2013-03-05
278000,NA,347250,570170,300730,2013-03-06
307070,NA,358640,596090,276500,2013-03-07
218270,NA,351380,517160,292820,2013-03-08
NA,NA,NA,486180,182940,2013-03-09
NA,NA,NA,549770,275460,2013-03-10
252340,NA,379290,648670,317220,2013-03-11
330240,NA,368560,592140,398200,2013-03-12
295150,NA,319070,592700,322700,2013-03-13
308460,NA,334680,563110,317890,2013-03-14
256570,NA,322970,523900,276080,2013-03-15
NA,NA,NA,556900,234750,2013-03-16
NA,NA,NA,673840,319020,2013-03-17
354060,NA,357740,640830,376190,2013-03-18
256330,NA,364460,621590,349620,2013-03-19
291010,NA,377650,624300,301280,2013-03-20
242490,NA,342460,544150,275430,2013-03-21
285640,NA,288870,564670,258700,2013-03-22
NA,NA,NA,550720,210850,2013-03-23
NA,NA,NA,597380,272370,2013-03-24
350100,NA,389090,624710,369960,2013-03-25
230360,NA,323720,544010,261310,2013-03-26
330680,NA,346900,594270,319400,2013-03-27
293200,NA,319350,486470,300990,2013-03-28
282840,NA,357010,550770,252630,2013-03-29
NA,NA,NA,470850,195780,2013-03-30
NA,NA,NA,NA,NA,2013-03-31
234970,NA,396360,568990,314380,2013-04-01
310230,NA,399520,641680,358400,2013-04-02
286740,NA,378640,588660,376350,2013-04-03
332810,NA,360660,642620,318550,2013-04-04
306630,NA,297190,540000,316820,2013-04-05
NA,NA,NA,509200,283360,2013-04-06
NA,NA,NA,683470,335190,2013-04-07
324800,NA,417560,684130,347400,2013-04-08
255450,NA,386030,647030,341320,2013-04-09
289220,NA,388800,661920,359280,2013-04-10
299900,NA,386180,640620,340330,2013-04-11
312740,NA,350600,543950,342820,2013-04-12
NA,NA,NA,NA,NA,2013-04-13
NA,NA,NA,691730,355570,2013-04-14
340670,NA,400070,702430,388560,2013-04-15
350120,NA,450390,781780,396190,2013-04-16
373210,NA,394270,729500,356210,2013-04-17
336170,NA,415280,712150,395930,2013-04-18
304990,NA,342220,655780,339780,2013-04-19
NA,NA,NA,771530,224970,2013-04-20
NA,NA,NA,741130,359990,2013-04-21
374090,NA,372830,745430,358660,2013-04-22
330870,NA,375880,707940,322170,2013-04-23
296510,NA,388420,682670,341660,2013-04-24
291710,NA,409720,663030,322980,2013-04-25
218930,NA,354110,613440,287250,2013-04-26
NA,NA,NA,588210,232690,2013-04-27
NA,NA,NA,710560,294910,2013-04-28
345350,NA,404400,720840,396800,2013-04-29
NA,NA,NA,NA,NA,2013-04-30
302090,NA,401900,681450,292340,2013-05-01
283380,NA,401550,708010,296780,2013-05-02
288410,NA,334960,650100,286460,2013-05-03
NA,NA,NA,642550,253450,2013-05-04
NA,NA,NA,725450,284700,2013-05-05
361380,NA,443850,767540,390890,2013-05-06
311020,NA,391590,746060,335320,2013-05-07
379980,NA,388880,688520,398360,2013-05-08
286150,NA,407560,685340,325680,2013-05-09
322650,NA,324260,668040,328840,2013-05-10
NA,NA,NA,610540,253490,2013-05-11
NA,NA,NA,734020,317410,2013-05-12
370070,NA,392520,725820,434960,2013-05-13
324530,NA,375870,706270,344250,2013-05-14
301460,NA,410360,726700,321680,2013-05-15
297210,NA,427480,686680,341780,2013-05-16
262690,NA,361000,607150,330070,2013-05-17
NA,NA,NA,617180,252110,2013-05-18
NA,NA,NA,763940,299510,2013-05-19
362670,NA,351800,642820,411140,2013-05-20
349350,NA,372300,691070,364520,2013-05-21
372710,NA,374900,710390,366170,2013-05-22
305380,NA,399950,678310,346390,2013-05-23
269630,NA,372670,716470,332600,2013-05-24
NA,NA,NA,663480,282610,2013-05-25
NA,NA,NA,734920,383600,2013-05-26
430460,NA,393330,752160,408810,2013-05-27
366010,NA,420380,787640,404130,2013-05-28
434170,NA,404840,703250,432180,2013-05-29
397180,NA,364280,717970,352930,2013-05-30
NA,NA,NA,NA,NA,2013-05-31
NA,NA,NA,611180,300510,2013-06-01
NA,NA,NA,643780,321570,2013-06-02
366680,NA,364430,721920,420180,2013-06-03
348450,NA,403450,702080,360880,2013-06-04
366380,NA,458930,708730,385990,2013-06-05
319840,NA,353530,632450,370460,2013-06-06
309690,NA,366030,643400,324530,2013-06-07
NA,NA,NA,614990,272630,2013-06-08
NA,NA,NA,749850,355190,2013-06-09
348890,NA,346960,689050,409370,2013-06-10
334580,NA,369990,715390,322980,2013-06-11
319890,NA,423400,720230,378320,2013-06-12
329590,NA,390520,620730,335880,2013-06-13
314490,NA,405410,721750,366120,2013-06-14
NA,NA,NA,664180,254000,2013-06-15
NA,NA,NA,828460,369150,2013-06-16
382090,NA,465870,758460,420890,2013-06-17
352770,NA,410480,766920,381890,2013-06-18
319220,NA,414860,779060,328450,2013-06-19
357120,NA,406850,752260,389190,2013-06-20
371210,NA,384030,766920,380900,2013-06-21
NA,NA,NA,673280,225650,2013-06-22
NA,NA,NA,847560,350800,2013-06-23
416920,NA,413340,765620,394000,2013-06-24
302980,NA,422310,758190,341070,2013-06-25
327680,NA,424590,693580,365380,2013-06-26
328230,NA,360780,690510,401410,2013-06-27
281670,NA,371710,645960,312460,2013-06-28
NA,NA,NA,647350,235430,2013-06-29
NA,NA,NA,NA,NA,2013-06-30
414970,NA,417930,769950,394400,2013-07-01
363290,NA,440720,738230,388400,2013-07-02
375940,NA,425700,775420,389640,2013-07-03
278530,NA,379830,663330,298580,2013-07-04
310480,NA,344910,663300,305760,2013-07-05
NA,NA,NA,659400,301120,2013-07-06
NA,NA,NA,811840,361450,2013-07-07
360670,NA,438830,788210,358990,2013-07-08
368690,NA,416640,774480,378980,2013-07-09
310640,NA,443360,679740,371080,2013-07-10
306780,NA,369520,734820,301550,2013-07-11
295000,NA,359880,686770,322030,2013-07-12
NA,NA,NA,673610,231440,2013-07-13
NA,NA,NA,820630,314730,2013-07-14
399780,NA,403890,810050,403740,2013-07-15
319900,NA,368270,712590,344980,2013-07-16
287420,NA,369780,723740,293100,2013-07-17
264670,NA,372900,727620,264650,2013-07-18
308790,NA,347870,646390,308120,2013-07-19
NA,NA,NA,643610,260240,2013-07-20
NA,NA,NA,813770,360480,2013-07-21
429100,NA,468280,817890,426010,2013-07-22
327380,NA,448550,764710,396360,2013-07-23
327160,NA,480980,741340,359150,2013-07-24
280210,NA,411680,734320,300890,2013-07-25
306100,NA,390330,664430,303060,2013-07-26
NA,NA,NA,737070,206220,2013-07-27
NA,NA,NA,769050,349320,2013-07-28
331770,NA,425350,716250,370320,2013-07-29
275200,NA,447930,715120,366480,2013-07-30
NA,NA,NA,NA,NA,2013-07-31
262810,NA,388240,716330,310080,2013-08-01
272660,NA,363190,710200,273960,2013-08-02
NA,NA,NA,624850,188710,2013-08-03
NA,NA,NA,757470,307720,2013-08-04
269010,NA,405720,731250,377430,2013-08-05
269110,NA,361820,682250,342200,2013-08-06
281400,NA,396260,760430,294070,2013-08-07
267740,NA,382100,635760,307220,2013-08-08
263890,NA,311950,566480,291820,2013-08-09
NA,NA,NA,603340,215740,2013-08-10
NA,NA,NA,709680,278830,2013-08-11
241880,NA,452200,745450,317090,2013-08-12
292960,NA,384830,714370,363090,2013-08-13
284140,NA,397410,688700,297200,2013-08-14
275910,NA,363020,651100,305630,2013-08-15
363740,NA,363850,699620,327460,2013-08-16
NA,NA,NA,609730,270420,2013-08-17
NA,NA,NA,783570,289810,2013-08-18
340050,NA,450190,762790,340400,2013-08-19
279890,NA,483150,722710,284790,2013-08-20
305090,NA,402540,694820,300720,2013-08-21
291070,NA,438070,711700,232800,2013-08-22
264360,NA,360990,659470,201630,2013-08-23
NA,NA,NA,632820,207310,2013-08-24
NA,NA,NA,726640,363160,2013-08-25
281270,NA,426980,750540,281990,2013-08-26
331740,NA,423380,680290,293570,2013-08-27
298860,NA,444710,686730,264980,2013-08-28
325620,NA,438500,725170,205660,2013-08-29
255800,NA,350880,652810,193440,2013-08-30
NA,NA,NA,NA,NA,2013-08-31
NA,NA,NA,664110,273990,2013-09-01
400360,NA,409680,696340,324720,2013-09-02
386390,NA,371840,717330,286470,2013-09-03
351090,NA,440560,769540,289990,2013-09-04
261660,NA,366240,714430,227830,2013-09-05
302910,NA,353000,679830,249340,2013-09-06
NA,NA,NA,553350,181050,2013-09-07
NA,NA,NA,823210,287440,2013-09-08
332720,NA,369930,683480,271630,2013-09-09
300260,NA,392680,718760,273040,2013-09-10
329660,NA,450690,805310,269080,2013-09-11
307760,NA,430810,735070,261470,2013-09-12
262230,NA,341700,650170,236940,2013-09-13
NA,NA,NA,548190,203360,2013-09-14
NA,NA,NA,783540,349690,2013-09-15
344960,NA,460880,803640,311680,2013-09-16
303310,NA,407700,697140,285110,2013-09-17
344450,NA,397920,619930,286370,2013-09-18
285840,NA,429890,734390,266220,2013-09-19
323270,NA,336070,588670,250350,2013-09-20
NA,NA,NA,567440,255520,2013-09-21
NA,NA,NA,726820,299690,2013-09-22
329830,NA,405360,713450,356710,2013-09-23
291990,NA,424460,748790,290100,2013-09-24
278630,NA,404490,709900,286360,2013-09-25
300740,NA,358460,611080,236940,2013-09-26
267800,NA,303360,510870,231010,2013-09-27
NA,NA,NA,603700,203070,2013-09-28
NA,NA,NA,565820,257090,2013-09-29
NA,NA,NA,NA,NA,2013-09-30
228780,NA,364380,545370,233970,2013-10-01
319250,NA,316760,564180,237630,2013-10-02
262140,NA,347900,602060,204000,2013-10-03
202070,NA,322400,546880,NA,2013-10-04
NA,NA,NA,495220,166480,2013-10-05
NA,NA,NA,580310,217780,2013-10-06
336500,NA,378270,689760,233730,2013-10-07
326040,NA,388260,661790,294540,2013-10-08
240690,NA,400100,725570,261460,2013-10-09
238450,NA,364560,587720,264780,2013-10-10
284130,NA,287390,591860,229080,2013-10-11
NA,NA,NA,526920,237520,2013-10-12
NA,NA,NA,579400,213610,2013-10-13
351690,NA,371760,709590,319800,2013-10-14
316730,NA,388380,568860,293420,2013-10-15
271760,NA,373160,595220,269420,2013-10-16
331440,NA,369390,559140,292600,2013-10-17
237660,NA,294750,589440,243590,2013-10-18
NA,NA,NA,484220,207390,2013-10-19
NA,NA,NA,600760,220520,2013-10-20
296470,NA,389230,657750,258070,2013-10-21
302260,NA,367330,605400,316400,2013-10-22
218770,NA,385290,649280,239400,2013-10-23
237910,NA,370170,609580,230000,2013-10-24
262970,NA,354970,577970,212180,2013-10-25
NA,NA,NA,535360,170180,2013-10-26
NA,NA,NA,550060,204180,2013-10-27
314170,NA,383920,635140,256330,2013-10-28
276170,NA,355220,647760,249870,2013-10-29
296370,NA,362090,557260,329150,2013-10-30
NA,NA,NA,NA,NA,2013-10-31
266780,NA,325190,562020,NA,2013-11-01
NA,NA,NA,387770,154700,2013-11-02
NA,NA,NA,614220,261700,2013-11-03
290720,NA,365200,636000,283500,2013-11-04
281580,NA,348580,587100,311630,2013-11-05
264080,NA,364980,607360,326210,2013-11-06
234100,NA,326490,564590,237200,2013-11-07
214310,NA,292780,535720,NA,2013-11-08
NA,NA,NA,478270,166880,2013-11-09
NA,NA,NA,596730,290360,2013-11-10
314620,NA,394180,638900,261090,2013-11-11
340010,NA,387280,622300,274360,2013-11-12
217100,NA,394970,598250,218920,2013-11-13
249860,NA,287310,475120,217810,2013-11-14
240440,NA,292370,512110,211430,2013-11-15
NA,NA,NA,497600,197800,2013-11-16
NA,NA,NA,592270,253130,2013-11-17
296560,NA,351570,677240,245820,2013-11-18
278750,NA,357520,607160,292530,2013-11-19
192970,NA,374200,618180,229240,2013-11-20
203000,NA,285140,527590,186570,2013-11-21
167340,NA,310500,469940,205250,2013-11-22
NA,NA,NA,440870,181360,2013-11-23
NA,NA,NA,536040,241860,2013-11-24
284420,NA,390910,749130,289740,2013-11-25
252350,NA,379230,648140,275080,2013-11-26
263220,NA,396400,658830,241810,2013-11-27
248260,NA,366400,615150,250000,2013-11-28
195560,NA,321560,512740,NA,2013-11-29
NA,NA,NA,NA,NA,2013-11-30
NA,NA,NA,600130,266120,2013-12-01
300780,NA,366380,682020,298750,2013-12-02
293040,NA,352500,622920,285960,2013-12-03
315250,NA,320210,575130,254690,2013-12-04
235800,NA,310800,524180,228470,2013-12-05
198050,NA,299410,490300,233180,2013-12-06
NA,NA,NA,487240,212110,2013-12-07
NA,NA,NA,674580,241660,2013-12-08
242610,NA,327280,653800,246580,2013-12-09
212350,NA,399290,629530,239880,2013-12-10
226100,NA,305580,495250,269190,2013-12-11
298920,NA,327740,482530,235570,2013-12-12
229350,NA,284600,445260,NA,2013-12-13
NA,NA,NA,374760,205180,2013-12-14
NA,NA,NA,616250,222160,2013-12-15
285690,NA,378330,562660,263280,2013-12-16
280900,NA,366190,549250,234420,2013-12-17
246100,NA,363700,512860,186360,2013-12-18
240400,NA,395400,537680,248940,2013-12-19
166770,NA,355140,484260,219390,2013-12-20
NA,NA,NA,516180,189600,2013-12-21
NA,NA,NA,510480,232920,2013-12-22
NA,NA,NA,499030,190920,2013-12-23
NA,NA,NA,430410,200980,2013-12-24
NA,NA,NA,400020,198220,2013-12-25
NA,NA,NA,522960,234300,2013-12-26
NA,NA,NA,483010,195850,2013-12-27
NA,NA,NA,483270,242670,2013-12-28
NA,NA,NA,638380,277520,2013-12-29
NA,NA,NA,586860,274700,2013-12-30
NA,NA,NA,NA,NA,2013-12-31
NA,NA,NA,499000,216230,2014-01-01
NA,NA,NA,539840,201930,2014-01-02
NA,NA,NA,572930,246880,2014-01-03
NA,NA,NA,513020,221260,2014-01-04
NA,NA,NA,601620,263170,2014-01-05
NA,NA,NA,585640,253270,2014-01-06
NA,NA,NA,600260,291120,2014-01-07
NA,NA,NA,581020,299570,2014-01-08
NA,NA,NA,579390,197010,2014-01-09
NA,NA,NA,552700,252100,2014-01-10
NA,NA,NA,495490,211010,2014-01-11
NA,NA,NA,627600,320730,2014-01-12
NA,NA,NA,597270,271200,2014-01-13
NA,NA,NA,587300,289760,2014-01-14
NA,NA,NA,566530,346660,2014-01-15
NA,NA,NA,583450,299310,2014-01-16
NA,NA,NA,560480,285610,2014-01-17
NA,NA,NA,493060,181270,2014-01-18
NA,NA,NA,555330,244480,2014-01-19
NA,NA,NA,727290,347220,2014-01-20
NA,NA,NA,645770,265280,2014-01-21
NA,NA,NA,600740,282900,2014-01-22
NA,NA,NA,543040,269760,2014-01-23
NA,NA,NA,501250,279030,2014-01-24
NA,NA,NA,425540,186800,2014-01-25
NA,NA,NA,634050,290470,2014-01-26
250280,NA,357550,581000,323970,2014-01-27
214390,NA,301790,531470,246250,2014-01-28
210610,NA,408170,574380,285280,2014-01-29
212130,NA,390080,585290,272590,2014-01-30
NA,NA,NA,NA,NA,2014-01-31
NA,NA,NA,524240,196240,2014-02-01
NA,NA,NA,608920,224980,2014-02-02
277530,NA,383800,636830,339020,2014-02-03
247930,NA,417310,601770,302820,2014-02-04
245590,NA,340040,612230,307310,2014-02-05
203640,NA,347510,518800,243900,2014-02-06
214900,NA,NA,508690,227250,2014-02-07
NA,NA,NA,477930,220810,2014-02-08
NA,NA,NA,665300,310610,2014-02-09
258860,NA,386150,620330,289670,2014-02-10
287850,NA,390580,615760,286950,2014-02-11
239530,NA,326550,552520,288230,2014-02-12
210220,NA,396550,570980,286460,2014-02-13
133760,NA,351080,512370,189650,2014-02-14
NA,NA,NA,450220,163960,2014-02-15
NA,NA,NA,452240,201770,2014-02-16
209350,NA,433650,620160,242610,2014-02-17
183100,NA,398350,668330,232620,2014-02-18
231050,NA,347920,547100,288800,2014-02-19
195700,NA,357300,569340,276460,2014-02-20
160450,NA,322750,547840,201560,2014-02-21
NA,NA,NA,571470,243840,2014-02-22
NA,NA,NA,NA,NA,2014-02-23
237540,NA,417630,676500,330620,2014-02-24
234250,NA,369450,580270,306040,2014-02-25
213230,NA,380330,603080,262130,2014-02-26
264760,NA,386330,582790,259780,2014-02-27
NA,NA,NA,NA,NA,2014-02-28
NA,NA,NA,472960,175500,2014-03-01
NA,NA,NA,638170,209870,2014-03-02
250310,NA,419810,689270,300440,2014-03-03
270730,NA,336470,635650,335190,2014-03-04
270090,NA,434830,628750,301030,2014-03-05
249680,NA,347780,583220,293520,2014-03-06
209250,NA,367050,551510,265600,2014-03-07
NA,NA,NA,516330,249150,2014-03-08
NA,NA,NA,693640,347050,2014-03-09
248170,NA,452000,702090,345440,2014-03-10
209970,NA,429630,643630,241810,2014-03-11
185750,NA,439180,651850,231500,2014-03-12
209970,NA,403060,649930,293340,2014-03-13
201620,NA,392270,564320,266790,2014-03-14
NA,NA,NA,623160,235750,2014-03-15
NA,NA,NA,683170,270530,2014-03-16
241250,NA,423630,648000,273860,2014-03-17
216360,NA,432860,638430,294120,2014-03-18
177220,NA,485750,727290,238020,2014-03-19
198180,NA,406390,670160,282370,2014-03-20
208020,NA,362850,565990,277270,2014-03-21
NA,NA,NA,597010,152000,2014-03-22
NA,NA,NA,605800,299270,2014-03-23
222320,NA,436470,688950,358980,2014-03-24
249380,NA,426400,599200,283620,2014-03-25
211990,NA,415030,686980,273550,2014-03-26
178870,NA,355580,573740,224880,2014-03-27
192680,NA,391760,591620,248070,2014-03-28
NA,NA,NA,502080,147700,2014-03-29
NA,NA,NA,604750,341540,2014-03-30
NA,NA,NA,NA,NA,2014-03-31
292190,NA,382770,669040,272530,2014-04-01
202770,NA,418850,588320,260120,2014-04-02
229280,NA,407300,631980,226430,2014-04-03
211180,NA,355990,554080,208290,2014-04-04
NA,NA,NA,523360,197740,2014-04-05
NA,NA,NA,734090,285100,2014-04-06
281120,NA,472780,713200,323680,2014-04-07
216290,NA,500750,732030,293650,2014-04-08
270370,NA,400530,700040,295310,2014-04-09
222550,NA,420610,671420,275450,2014-04-10
191420,NA,407970,649770,295900,2014-04-11
NA,NA,NA,653640,301030,2014-04-12
NA,NA,NA,715600,287360,2014-04-13
301650,NA,473750,754600,332570,2014-04-14
247010,NA,478970,732280,253550,2014-04-15
241200,NA,437270,666080,310340,2014-04-16
304710,NA,412380,634870,340580,2014-04-17
NA,NA,NA,737640,248080,2014-04-18
NA,NA,NA,526810,220940,2014-04-19
NA,NA,NA,672220,208120,2014-04-20
NA,NA,471240,646900,326350,2014-04-21
262660,NA,413940,626910,349230,2014-04-22
239180,NA,418760,633760,261370,2014-04-23
210290,NA,399450,623180,243400,2014-04-24
159050,NA,368740,548150,232510,2014-04-25
NA,NA,NA,610000,236350,2014-04-26
NA,NA,NA,642330,363310,2014-04-27
289890,NA,449870,712740,327400,2014-04-28
264410,NA,477810,670420,301340,2014-04-29
NA,NA,NA,NA,NA,2014-04-30
195810,NA,426460,654360,251670,2014-05-01
163020,NA,389450,597760,224670,2014-05-02
NA,NA,NA,518840,208580,2014-05-03
NA,NA,NA,737330,288890,2014-05-04
257430,NA,447420,733820,309350,2014-05-05
270210,NA,426590,703350,247840,2014-05-06
246760,NA,425130,662620,328670,2014-05-07
222480,NA,503380,639340,298370,2014-05-08
249990,NA,377880,599420,246680,2014-05-09
NA,NA,NA,602280,208010,2014-05-10
NA,NA,NA,660180,251240,2014-05-11
268040,NA,477300,731880,326290,2014-05-12
272810,NA,487580,657130,312900,2014-05-13
214980,NA,474340,713960,269990,2014-05-14
224530,NA,400750,714210,274930,2014-05-15
209340,NA,366630,674660,245420,2014-05-16
NA,NA,NA,601770,230750,2014-05-17
NA,NA,NA,785940,281950,2014-05-18
284830,NA,472760,713740,371520,2014-05-19
207970,NA,419870,650310,278750,2014-05-20
213710,NA,384590,680140,242700,2014-05-21
199200,NA,389420,632970,279970,2014-05-22
184980,NA,488250,736770,307910,2014-05-23
NA,NA,NA,550330,216120,2014-05-24
NA,NA,NA,711080,322620,2014-05-25
239100,NA,488910,814210,324380,2014-05-26
259770,NA,480530,800500,316520,2014-05-27
238090,NA,454780,717280,259030,2014-05-28
286050,NA,438920,700250,287160,2014-05-29
217910,NA,423620,659320,241330,2014-05-30
NA,NA,NA,NA,NA,2014-05-31
NA,NA,NA,638730,238580,2014-06-01
262950,NA,532220,724090,369110,2014-06-02
225650,NA,457310,703670,288900,2014-06-03
196740,NA,518680,695590,294610,2014-06-04
191880,NA,459290,626690,335010,2014-06-05
171850,NA,377320,636710,271940,2014-06-06
NA,NA,NA,567110,226160,2014-06-07
NA,NA,NA,771620,315640,2014-06-08
238080,NA,479010,718460,324570,2014-06-09
254340,NA,537890,761220,310800,2014-06-10
230310,NA,498970,732160,314280,2014-06-11
206730,NA,475020,723170,254630,2014-06-12
NA,NA,434890,664840,239240,2014-06-13
NA,NA,NA,669470,218820,2014-06-14
NA,NA,NA,762310,360900,2014-06-15
275990,NA,569180,820500,314730,2014-06-16
213900,NA,540930,792960,231940,2014-06-17
230330,NA,491310,689880,290780,2014-06-18
192720,NA,471080,714400,260980,2014-06-19
NA,NA,476800,640770,256400,2014-06-20
NA,NA,NA,607190,229760,2014-06-21
NA,NA,NA,734230,310440,2014-06-22
233760,NA,461900,770470,290970,2014-06-23
255410,NA,451940,737800,281630,2014-06-24
276440,NA,520390,749490,327600,2014-06-25
255720,NA,433760,666220,281830,2014-06-26
237850,NA,398100,617090,279610,2014-06-27
NA,NA,NA,606160,242610,2014-06-28
NA,NA,NA,765200,272070,2014-06-29
NA,NA,NA,NA,NA,2014-06-30
241550,NA,513650,746770,289500,2014-07-01
250930,NA,538630,755640,248770,2014-07-02
208400,NA,501810,729470,225470,2014-07-03
173170,NA,502260,682540,231180,2014-07-04
NA,NA,NA,657920,241700,2014-07-05
NA,NA,NA,713980,296060,2014-07-06
247370,NA,492780,741880,353310,2014-07-07
229380,NA,514200,757930,285480,2014-07-08
196270,NA,514230,687850,312720,2014-07-09
214000,NA,516700,753610,267930,2014-07-10
219130,NA,479250,703500,271290,2014-07-11
NA,NA,NA,672680,235660,2014-07-12
NA,NA,NA,660230,312220,2014-07-13
264190,NA,497800,747460,342310,2014-07-14
209170,NA,507810,711080,244700,2014-07-15
223070,NA,478170,718000,232730,2014-07-16
184080,NA,481710,669520,255920,2014-07-17
235910,NA,465990,701380,313660,2014-07-18
NA,NA,NA,685490,204680,2014-07-19
NA,NA,NA,793910,295260,2014-07-20
259340,NA,509080,769490,321660,2014-07-21
249510,NA,445380,676500,274340,2014-07-22
238380,NA,487090,694120,279030,2014-07-23
192550,NA,467160,668590,228460,2014-07-24
177020,NA,452310,696130,230900,2014-07-25
NA,NA,NA,638940,238710,2014-07-26
NA,NA,NA,689460,294010,2014-07-27
281530,NA,530500,730970,288980,2014-07-28
223050,NA,490770,739670,277070,2014-07-29
228560,NA,466460,708640,283310,2014-07-30
NA,NA,NA,NA,NA,2014-07-31
191390,NA,454650,656180,257770,2014-08-01
NA,NA,NA,700820,218850,2014-08-02
NA,NA,NA,725020,275260,2014-08-03
252560,NA,563190,823510,268170,2014-08-04
242980,NA,483200,711770,228640,2014-08-05
217890,NA,488700,699070,269130,2014-08-06
195910,NA,476180,686900,245420,2014-08-07
187380,NA,466050,647730,271700,2014-08-08
NA,NA,NA,627130,191560,2014-08-09
NA,NA,NA,799300,273370,2014-08-10
209150,NA,540860,827980,242540,2014-08-11
223130,NA,491960,721320,258870,2014-08-12
176070,NA,521840,719570,242360,2014-08-13
194700,NA,476260,724610,264010,2014-08-14
NA,NA,458160,658720,238260,2014-08-15
NA,NA,NA,631310,257640,2014-08-16
NA,NA,NA,727940,265510,2014-08-17
252840,NA,484140,735840,279450,2014-08-18
240390,NA,463190,713920,276020,2014-08-19
229370,NA,468510,708630,256800,2014-08-20
175980,NA,482700,686490,284690,2014-08-21
171010,NA,454040,593400,253120,2014-08-22
NA,NA,NA,596520,208330,2014-08-23
NA,NA,NA,714280,292360,2014-08-24
246400,NA,482570,776590,272910,2014-08-25
214110,NA,453690,673010,247020,2014-08-26
179350,NA,519800,730670,285710,2014-08-27
184820,NA,NA,677900,249110,2014-08-28
179690,NA,447260,641440,269230,2014-08-29
NA,NA,NA,647120,245760,2014-08-30
NA,NA,NA,NA,NA,2014-08-31
280890,NA,527890,848330,360310,2014-09-01
222820,NA,502280,738340,343390,2014-09-02
257240,NA,554860,758710,273720,2014-09-03
256570,NA,470720,726980,273780,2014-09-04
197370,NA,NA,662970,240750,2014-09-05
NA,NA,NA,674030,224230,2014-09-06
NA,NA,NA,707380,319770,2014-09-07
237680,NA,556450,734070,281550,2014-09-08
193290,NA,520610,689460,226600,2014-09-09
236460,NA,477700,656920,256560,2014-09-10
211640,NA,424690,629300,220450,2014-09-11
185130,NA,455850,627000,255910,2014-09-12
NA,NA,NA,598450,232330,2014-09-13
NA,NA,NA,711130,298770,2014-09-14
304790,NA,553320,787350,318040,2014-09-15
247380,NA,493800,706110,283880,2014-09-16
229310,NA,NA,712800,286820,2014-09-17
226880,NA,468620,662750,293060,2014-09-18
NA,NA,428810,625760,273270,2014-09-19
NA,NA,NA,662930,276160,2014-09-20
NA,NA,NA,717570,305650,2014-09-21
287230,NA,545110,696610,325350,2014-09-22
210880,NA,449390,671620,262100,2014-09-23
193700,NA,469820,644220,258100,2014-09-24
215160,NA,437080,612080,242940,2014-09-25
251370,NA,409770,594990,243200,2014-09-26
NA,NA,NA,603010,242640,2014-09-27
NA,NA,NA,608970,286700,2014-09-28
217500,NA,486530,673680,325700,2014-09-29
NA,NA,NA,NA,NA,2014-09-30
195910,NA,459720,612910,252680,2014-10-01
232230,NA,356560,644080,262750,2014-10-02
255210,NA,401230,584420,271740,2014-10-03
NA,NA,NA,548720,236700,2014-10-04
NA,NA,NA,587420,319160,2014-10-05
269020,NA,462860,646660,311430,2014-10-06
233960,NA,417110,689380,279100,2014-10-07
205430,NA,432950,642840,195400,2014-10-08
225100,NA,430900,637150,215510,2014-10-09
212970,NA,351940,526020,252620,2014-10-10
NA,NA,NA,464850,203980,2014-10-11
NA,NA,NA,584940,253290,2014-10-12
212730,NA,487900,721700,252550,2014-10-13
244380,NA,460140,594810,260910,2014-10-14
235900,NA,399850,598890,233010,2014-10-15
256220,NA,387030,595160,225360,2014-10-16
218570,NA,396630,630060,247620,2014-10-17
NA,NA,NA,492960,204040,2014-10-18
NA,NA,NA,614810,262310,2014-10-19
264970,NA,505690,680200,284550,2014-10-20
274930,NA,484620,680580,310340,2014-10-21
219570,NA,496770,660310,279830,2014-10-22
198250,NA,412940,592960,268530,2014-10-23
246580,NA,359500,538180,250640,2014-10-24
NA,NA,NA,443090,199970,2014-10-25
NA,NA,NA,546270,177890,2014-10-26
245490,NA,494080,730370,279850,2014-10-27
263590,NA,452860,703310,302540,2014-10-28
216140,NA,443770,640790,263990,2014-10-29
221110,NA,446110,608600,229710,2014-10-30
NA,NA,NA,NA,NA,2014-10-31
NA,NA,NA,507520,192190,2014-11-01
NA,NA,NA,636970,233540,2014-11-02
236280,NA,486520,705220,296010,2014-11-03
193640,NA,447750,674320,253560,2014-11-04
248100,NA,433060,708900,271160,2014-11-05
204500,NA,359510,533820,276960,2014-11-06
NA,NA,342090,515670,227190,2014-11-07
NA,NA,NA,445650,163480,2014-11-08
NA,NA,NA,550740,249460,2014-11-09
198340,NA,421610,622460,241850,2014-11-10
187950,NA,440890,640070,210380,2014-11-11
241950,NA,418640,633600,322190,2014-11-12
202850,NA,399330,558110,233730,2014-11-13
191910,NA,377330,542950,211040,2014-11-14
NA,NA,NA,534940,218320,2014-11-15
NA,NA,NA,652420,238950,2014-11-16
237110,NA,459090,702820,296760,2014-11-17
176290,NA,454340,617600,232200,2014-11-18
188900,NA,443130,644370,266180,2014-11-19
212090,NA,326590,601480,200740,2014-11-20
196130,NA,412690,544000,232490,2014-11-21
NA,NA,NA,546810,275100,2014-11-22
NA,NA,NA,591560,298270,2014-11-23
250480,NA,512200,694970,307690,2014-11-24
173900,NA,449530,674310,257270,2014-11-25
266050,NA,385410,581900,248920,2014-11-26
275820,NA,409810,579080,267160,2014-11-27
228590,NA,413840,643410,232080,2014-11-28
NA,NA,NA,536270,208560,2014-11-29
NA,NA,NA,NA,NA,2014-11-30
209440,NA,478580,681700,283610,2014-12-01
244280,NA,437300,660330,234760,2014-12-02
206050,NA,445640,645330,248390,2014-12-03
226170,NA,370230,557370,224790,2014-12-04
203480,NA,351480,547850,227460,2014-12-05
NA,NA,NA,527460,209430,2014-12-06
NA,NA,NA,624760,238910,2014-12-07
264700,NA,445600,671000,313600,2014-12-08
182130,NA,422100,633050,228100,2014-12-09
209650,NA,475060,679950,263860,2014-12-10
229840,NA,437190,599040,240550,2014-12-11
177360,NA,394260,550290,202360,2014-12-12
NA,NA,NA,556700,159270,2014-12-13
NA,NA,NA,595180,238730,2014-12-14
276580,NA,524690,752320,304870,2014-12-15
210810,NA,461800,715180,298520,2014-12-16
265880,NA,466310,655160,274460,2014-12-17
208920,NA,421680,559100,244450,2014-12-18
192080,NA,377150,529370,194150,2014-12-19
NA,NA,NA,563210,278270,2014-12-20
NA,NA,NA,664850,230650,2014-12-21
NA,NA,NA,617520,254690,2014-12-22
NA,NA,NA,562670,171410,2014-12-23
NA,NA,NA,NA,NA,2014-12-24
NA,NA,NA,NA,NA,2014-12-25
NA,NA,NA,532160,186700,2014-12-26
NA,NA,NA,509500,240190,2014-12-27
NA,NA,NA,568230,205210,2014-12-28
NA,NA,NA,642780,195790,2014-12-29
NA,NA,NA,554650,205230,2014-12-30
NA,NA,NA,NA,NA,2014-12-31
NA,NA,NA,590390,157720,2015-01-01
NA,NA,NA,532620,193900,2015-01-02
NA,NA,NA,458300,222020,2015-01-03
NA,NA,NA,593000,198130,2015-01-04
NA,NA,NA,663010,275220,2015-01-05
NA,NA,NA,634170,340480,2015-01-06
NA,NA,NA,620390,309150,2015-01-07
NA,NA,NA,654420,360500,2015-01-08
NA,NA,NA,564830,173570,2015-01-09
NA,NA,NA,577800,228730,2015-01-10
NA,NA,NA,560910,235830,2015-01-11
NA,NA,NA,715990,322010,2015-01-12
NA,NA,NA,658890,307610,2015-01-13
NA,NA,NA,638110,337420,2015-01-14
NA,NA,NA,584960,241860,2015-01-15
NA,NA,NA,618340,269380,2015-01-16
NA,NA,NA,474710,244630,2015-01-17
NA,NA,NA,574310,217080,2015-01-18
NA,NA,NA,655700,225290,2015-01-19
NA,NA,NA,648150,256660,2015-01-20
NA,NA,NA,673360,290020,2015-01-21
NA,NA,NA,617500,267870,2015-01-22
NA,NA,NA,481440,193410,2015-01-23
NA,NA,NA,456470,165750,2015-01-24
NA,NA,NA,507330,173690,2015-01-25
NA,NA,NA,598370,252570,2015-01-26
NA,NA,NA,636180,341740,2015-01-27
NA,NA,NA,595710,277320,2015-01-28
NA,NA,NA,549150,270960,2015-01-29
NA,NA,NA,532960,202120,2015-01-30
NA,NA,NA,NA,NA,2015-01-31
NA,NA,NA,680640,232950,2015-02-01
264320,NA,482740,698240,304710,2015-02-02
244400,NA,464510,648150,271170,2015-02-03
207510,NA,485320,696640,262850,2015-02-04
193090,NA,433160,603380,314780,2015-02-05
164130,NA,NA,585600,327330,2015-02-06
NA,NA,NA,590490,188030,2015-02-07
NA,NA,NA,629170,329480,2015-02-08
220990,NA,419910,699630,271290,2015-02-09
227560,NA,443820,653410,360410,2015-02-10
215530,NA,393200,602960,239910,2015-02-11
233790,NA,472580,620000,338400,2015-02-12
210490,NA,386030,611350,283840,2015-02-13
NA,NA,NA,466460,158590,2015-02-14
NA,NA,NA,563650,249440,2015-02-15
210220,NA,467260,677030,351340,2015-02-16
218570,NA,394810,639540,289340,2015-02-17
164440,NA,393380,611700,227820,2015-02-18
209180,NA,364990,571290,285470,2015-02-19
160870,NA,400970,562000,338370,2015-02-20
NA,NA,NA,543410,253910,2015-02-21
NA,NA,NA,652650,238730,2015-02-22
195230,NA,436050,681300,253850,2015-02-23
280500,NA,447220,635490,256970,2015-02-24
182030,NA,388210,595140,253880,2015-02-25
185070,NA,416770,580440,302230,2015-02-26
169490,NA,398290,584230,266700,2015-02-27
NA,NA,NA,NA,NA,2015-02-28
NA,NA,NA,648180,271290,2015-03-01
220510,NA,453770,733840,241910,2015-03-02
179380,NA,459230,683870,227840,2015-03-03
205330,NA,500630,665380,256590,2015-03-04
203270,NA,437590,602040,227910,2015-03-05
184000,NA,448690,597600,254970,2015-03-06
NA,NA,NA,567160,174590,2015-03-07
NA,NA,NA,619990,256590,2015-03-08
224890,NA,421670,647070,330710,2015-03-09
229940,NA,413330,595550,286790,2015-03-10
250110,NA,425700,635470,251240,2015-03-11
231130,NA,455730,703530,261320,2015-03-12
149410,NA,343710,592630,282940,2015-03-13
NA,NA,NA,657410,174680,2015-03-14
NA,NA,NA,784400,302040,2015-03-15
270210,NA,523450,849790,363760,2015-03-16
209420,NA,467670,716710,268930,2015-03-17
191170,NA,489330,679920,310630,2015-03-18
188340,NA,433140,666910,230660,2015-03-19
143990,NA,417050,578920,212220,2015-03-20
NA,NA,NA,469620,159000,2015-03-21
NA,NA,NA,709940,276910,2015-03-22
198140,NA,536170,760020,279490,2015-03-23
126530,NA,312150,613210,223510,2015-03-24
257490,NA,440050,687540,350570,2015-03-25
134350,NA,384750,613560,209310,2015-03-26
135180,NA,425290,622250,245500,2015-03-27
NA,NA,NA,594290,217920,2015-03-28
NA,NA,NA,344530,122530,2015-03-29
233600,NA,506490,909400,241540,2015-03-30
NA,NA,NA,NA,NA,2015-03-31
189540,NA,532380,655350,285520,2015-04-01
174410,NA,368200,542600,286330,2015-04-02
NA,NA,NA,564700,172770,2015-04-03
NA,NA,NA,542760,202270,2015-04-04
NA,NA,NA,619920,264190,2015-04-05
NA,NA,NA,746840,252840,2015-04-06
213450,NA,514150,755810,269350,2015-04-07
251180,NA,455190,690630,343590,2015-04-08
241870,NA,437090,672230,256100,2015-04-09
314230,NA,400910,601360,260370,2015-04-10
NA,NA,NA,579670,232160,2015-04-11
NA,NA,NA,682940,287240,2015-04-12
358110,NA,504790,806740,361720,2015-04-13
342360,NA,451050,750880,287480,2015-04-14
302190,NA,437460,739130,391060,2015-04-15
281700,NA,501290,715980,282320,2015-04-16
280900,NA,416600,680420,311990,2015-04-17
NA,NA,NA,NA,NA,2015-04-18
